book,chapter,verse,verse_end,type,marker,text
Genesis,1,,,translator,,**Divine name.** Genesis 1 uses *Elohim* throughout → **God**. (YHWH first appears in Genesis 2.)
Genesis,1,1,,reader,a,"""In die begin het God geskep"" — of ""Toe God begin skep het…"": die Hebreeuse sintaksis (*bereshit bara*) laat albei lesings toe. *bara* (""skep"") word net van God gebruik, anders as *asah* (""maak"", v.7, 16, 25, 31)."
Genesis,1,1,,translator,,"**Verse 1 — *bereshit bara Elohim*.** ""In die begin het God … geskep."" A defensible alternative reads v.1 as a temporal clause (""Toe God begin skep het, was die aarde woes en leeg…""); the traditional independent-clause rendering is retained and the alternative footnoted. *bara* → ""skep"" (committed, used only of God); kept distinct from *asah* → ""maak"" (vv.7, 16, 25, 31) and *yatsar* (Gen 2)."
Genesis,1,2,,reader,a,"""woes en leeg"" (*tohu wabohu*); ""diepwater"" (*tehom*, die oer-watermassa). ""die Gees van God"" (*ruach Elohim*) — *ruach* kan ook ""wind"" of ""asem"" wees; hier van God, dus ""Gees""."
Genesis,1,2,,translator,,"**Verse 2 — *tohu wabohu* / *tehom* / *ruach*.** ""woes en leeg"" / ""diepwater"" / ""Gees van God"" — all committed renderings. *ruach* here is rendered ""Gees"" (of God) per the glossary context rule (not ""wind/asem"", which apply to *ruach* of creation)."
Genesis,1,5,,reader,a,"Die Hebreeus tel ""dag een"" (*yom echad*, 'n hooftelwoord), daarna ""'n tweede … 'n vyfde dag"" (sonder lidwoord), en ""die sesde dag"" (met lidwoord, v.31) — 'n bewuste patroon wat na die sewende dag (2:2–3) toe bou."
Genesis,1,5,,translator,,"**Verse 5 — *yom echad* and the day-numbering.** Rendered **""dag een""** (cardinal ""one"", as the Hebrew has it), with the following days ""'n tweede … 'n vyfde dag"" (anarthrous ordinals) and ""**die** sesde dag"" (v.31, with the article). The Hebrew deliberately shifts from cardinal to ordinals and adds the article only at the sixth (and seventh, 2:2). This is **more literal than the imported text's ""die eerste dag""** and follows the fidelity-over-smoothness policy. **Confirmed at review:** keep ""dag een"" (and the anarthrous ordinals for days 2–5, ""die"" only at the sixth)."
Genesis,1,6,,reader,a,"""uitspansel"" (*raqia*) — letterlik 'n uitgeslane gewelf/koepel; die tradisionele weergawe word behou."
Genesis,1,11,,reader,a,"Die Hebreeus onderskei drie soorte plantegroei: *deshe* (groen plantegroei), *esev* (saadgewende plante) en *etz peri* (vrugtebome); die onderskeid word behou."
Genesis,1,11,12,translator,,"**Verses 11–12 — botanical categories.** The imported text collapsed these; here the three Hebrew categories are preserved — *deshe* (""groen plantegroei""), *esev mazria zera* (""saadgewende plante""), *etz peri* (""vrugtebome""). Footnoted."
Genesis,1,16,,reader,a,"""die twee groot ligte"" — die son en maan word nie by die naam genoem nie, moontlik doelbewus (teen hemelliggaam-aanbidding)."
Genesis,1,20,,translator,,"**Verses 20, 21, 24, 30 — *nephesh chayyah* (drift fixed).** The imported text drifted (""lewende wesens"" in v.20 vs ""lewende asem"" in v.30). Now per the committed *nephesh* context rule: the creatures are ""lewende wese(ns)"" (vv.20, 21, 24), and the same phrase in v.30 (the life *within* the animals) is ""waarin daar lewe is"" (the ""lewe"" sense). The choice is documented, not silent — this is the within-chapter consistency the project flagged as the #1 risk."
Genesis,1,21,,reader,a,"""groot seediere"" (*tanninim*) — die woord beteken ""see-monsters / groot seediere""."
Genesis,1,21,,translator,,"**Verses 20, 21, 24, 30 — *nephesh chayyah* (drift fixed).** The imported text drifted (""lewende wesens"" in v.20 vs ""lewende asem"" in v.30). Now per the committed *nephesh* context rule: the creatures are ""lewende wese(ns)"" (vv.20, 21, 24), and the same phrase in v.30 (the life *within* the animals) is ""waarin daar lewe is"" (the ""lewe"" sense). The choice is documented, not silent — this is the within-chapter consistency the project flagged as the #1 risk."
Genesis,1,21,,translator,,"**Verse 21 — *tanninim*.** ""groot seediere"" (sea monsters / great sea creatures); *bara* (""geskep"") used again, marking these as a special divine creation."
Genesis,1,24,,translator,,"**Verses 20, 21, 24, 30 — *nephesh chayyah* (drift fixed).** The imported text drifted (""lewende wesens"" in v.20 vs ""lewende asem"" in v.30). Now per the committed *nephesh* context rule: the creatures are ""lewende wese(ns)"" (vv.20, 21, 24), and the same phrase in v.30 (the life *within* the animals) is ""waarin daar lewe is"" (the ""lewe"" sense). The choice is documented, not silent — this is the within-chapter consistency the project flagged as the #1 risk."
Genesis,1,26,,reader,a,"""Laat Ons … maak"" — die Hebreeuse meervoud (""Ons"", *na'aseh … betsalmenu*) word behou sonder om die betekenis (Drie-eenheid? hemelse raad? majesteitsmeervoud?) vas te lê."
Genesis,1,26,27,reader,b,"""die mens"" (*adam*) staan hier vir die mensdom, manlik en vroulik (v.27) — nie die eienaam Adam nie (vgl. 5:1–2; die eienaam begin in 4:25)."
Genesis,1,26,27,translator,,"**Verses 26–27 — *adam* (generic), *tselem* / *demut*, the plural ""Ons"".** *adam* is mankind here → ""die mens"" (collective; ""laat **hulle** heers"" mirrors the Hebrew's singular-noun/plural-verb). ""beeld""/""gelykenis"" (*tselem*/*demut*, committed; the basis for the 5:3 echo). The first-person plural (""Ons"", *na'aseh*) is preserved ambiguously, as the Hebrew leaves it; footnoted."
Genesis,1,28,,translator,,"**Verse 28 — *kavash* / *radah*.** ""onderwerp"" (subdue) and ""heers"" (rule) — the two distinct verbs of the human mandate, kept distinct."
Genesis,1,30,,translator,,"**Verses 20, 21, 24, 30 — *nephesh chayyah* (drift fixed).** The imported text drifted (""lewende wesens"" in v.20 vs ""lewende asem"" in v.30). Now per the committed *nephesh* context rule: the creatures are ""lewende wese(ns)"" (vv.20, 21, 24), and the same phrase in v.30 (the life *within* the animals) is ""waarin daar lewe is"" (the ""lewe"" sense). The choice is documented, not silent — this is the within-chapter consistency the project flagged as the #1 risk."
Genesis,2,,,translator,,"**Divine name — first use of YHWH.** Genesis 1 used only *Elohim* (""God""). From 2:4 onward the text uses the compound *YHWH Elohim* almost throughout. Per committed policy (`TRANSLATION_POLICY.md` § 3) this is rendered **""HERE God""** (all-caps HERE for the Tetragrammaton + ""God"" for Elohim). This is the first translated chapter to exercise the divine-name policy in practice. Plain *Elohim* in vv.1–3 stays ""God""."
Genesis,2,1,,translator,,"**Verse 1 — *tseva'am*.** ""hulle hele leërskare"" (their whole host/array) — the heavenly bodies and all that fills the heavens and earth. Literal and traditional. A plainer alternative is ""alles wat hulle bevat""; flagged for the reviewer's preference."
Genesis,2,2,,reader,a,"Die Masoretiese Teks lees ""sewende dag""; die Samaritaanse Pentateug, Septuagint en Peshitta lees ""sesde dag""."
Genesis,2,2,,translator,,"**Verse 2 — ""op die sewende dag … voltooi"": textual variant.** MT (WLC) reads that God finished ""on the seventh day."" The Samaritan Pentateuch, LXX and Peshitta read ""on the **sixth** day"" (harmonising away the apparent implication that God worked on the seventh). Per policy we **follow the MT** in the body and note the variant here. No change needed."
Genesis,2,2,,translator,,"**Verse 2 — *melakhah* / *asah*.** *asah* → ""gedoen/gemaak"" (committed: *asah* = maak, distinct from *bara* = skep). Rendered ""werk wat Hy gedoen het"" for natural Afrikaans."
Genesis,2,3,,translator,,"**Verse 3 — *bara … la'asot*.** Literally ""which God created to make/do."" Rendered ""geskep het deur dit te maak."" Note that **both** committed verbs appear together here (*bara* + *asah*); the distinction is preserved (skep / maak)."
Genesis,2,4,,translator,,"**Verse 4 — *toledot*.** ""wordingsgeskiedenis"" (account of origins). *toledot* is the structuring formula of Genesis (""these are the generations/account of…""); elsewhere it heads genealogies. A shorter ""Dit is die geskiedenis van…"" is also fine — flagged for register preference."
Genesis,2,6,,reader,a,"Die Hebreeuse woord *'ed* is onseker — ""damp"", of moontlik ""ondergrondse stroom""."
Genesis,2,6,,translator,,"**Verse 6 — *'ed*.** Rendered ""'n damp"" (mist). The word is rare and disputed: ""mist/vapour"" (so older translations, via the versions) or ""stream/subterranean spring"" (so many modern scholars, via an Akkadian cognate *edû*). Genuinely uncertain — flagged for the theologian. If ""stream"" is preferred: ""'n waterstroom het uit die aarde opgestyg."""
Genesis,2,7,,reader,a,Woordspel in die Hebreeus: die *mens* (*adam*) word uit die *grond* (*adamah*) gevorm.
Genesis,2,7,,translator,,"**Verse 7 — *adam* / *adamah* wordplay.** The Hebrew puns: *ha-adam* (the human) is formed from the *adamah* (ground/soil). Afrikaans cannot reproduce the pun directly (""mens"" / ""grond""). Left naturalised; the connection is worth a printed footnote. Per glossary, *adam* stays the common noun **""die mens""** here (the *adam* → proper-name ""Adam"" decision is deferred to Genesis 4)."
Genesis,2,7,,translator,,"**Verse 7 — *yatsar*.** ""geformeer"" (the potter's verb). Committed glossary lists *yatsar* → ""vorm/formeer"" (🟡 provisional); I used **""geformeer""** consistently here and at v.8, v.19. Recommend committing ""formeer"". Distinct from *bara* (skep, 1:1; 2:3) and *asah* (maak)."
Genesis,2,7,,translator,,"**Verse 7 — *nephesh chayyah*.** ""'n lewende wese"" — per the now-committed *nephesh* context rule (creatures → ""lewende wese""). Same phrase rendered identically at **v.19** (of the animals), deliberately consistent with Genesis 1 and avoiding the v.27/v.30 drift flagged in genesis-01."
Genesis,2,7,,translator,,"**Verse 7 — *nishmat chayyim*.** ""die asem van die lewe"" (*neshamah*, breath). Distinct from *nephesh* (the living being that results) and from *ruach* (Gees/wind). Kept distinct in Afrikaans."
Genesis,2,8,,translator,,"**Verse 8 — *miqqedem*.** ""in die ooste"" (spatial). Can also mean ""of old / aforetime"" (temporal). Most translations take the spatial sense given the geographic detail that follows. Noted."
Genesis,2,11,14,translator,,"**Verses 11–14 — proper names and minerals.** Per the proper-names policy, established Afrikaans geographic forms are used: **Tigris** and **Eufraat** (v.14) rather than transliterating *Chiddeqel* / *Perat*; **Kus** for *Kush* (v.13). Lesser names transliterated: **Pison**, **Gihon**, **Havila**. *bedolach* (v.12) → ""balsemhars"" (bdellium, an aromatic gum resin) and *shoham* → ""onikssteen"" — both mineral/resin identifications are uncertain; alternatives: bdellium left untranslated, *shoham* as ""karneool/lapis"". Flagged for the reviewer."
Genesis,2,18,,translator,,"**Verses 18, 20 — *ezer kenegdo*.** ""'n helper wat by hom pas"" (a helper corresponding to / suitable for him). Avoided the loaded ""hulp"" alone and the archaic AFR53 ""'n hulp wat by hom pas"". *ezer* carries no subordinate connotation in Hebrew (it is used of God elsewhere); the rendering deliberately does not imply inferiority. Flagged for the theologian."
Genesis,2,20,,translator,,"**Verses 18, 20 — *ezer kenegdo*.** ""'n helper wat by hom pas"" (a helper corresponding to / suitable for him). Avoided the loaded ""hulp"" alone and the archaic AFR53 ""'n hulp wat by hom pas"". *ezer* carries no subordinate connotation in Hebrew (it is used of God elsewhere); the rendering deliberately does not imply inferiority. Flagged for the theologian."
Genesis,2,20,,translator,,"**Verse 20 — *ul'adam*.** ""maar vir Adam"" — anarthrous *l'adam* (without the article), the first occurrence rendered as the proper name ""Adam"". Per the committed *adam* article rule (`TRANSLATION_POLICY.md` / glossary, 2026-05-31): arthrous *ha-adam* → ""die mens"" (so the first clause of this verse stays ""die mens""), anarthrous *adam* of the individual → ""Adam"". Back-applied here at promotion of Genesis 4."
Genesis,2,21,22,translator,,"**Verses 21–22 — *tsela*.** ""rib(be)"". *tsela* usually means ""side"" (as in the side of the tabernacle); ""rib"" is the traditional rendering here and reads naturally. Noted; ""rib"" retained. *banah* (v.22, ""to build"") → ""gebou"", a slightly unusual verb deliberately preserved."
Genesis,2,23,,reader,a,Woordspel in die Hebreeus: *vrou* (*ishshah*) is uit die *man* (*ish*) geneem.
Genesis,2,23,,translator,,"**Verse 23 — *ishshah* / *ish* wordplay.** The pun (""she shall be called *ishshah* because she was taken from *ish*"") survives partly in Afrikaans **vrou / man** but the sound-link is lost. AFR53 uses the archaic ""manninne / man"" to force it. I kept natural ""vrou / man"" and recommend a printed footnote explaining the Hebrew pun rather than distorting the Afrikaans. **Flagged** as a real choice for the team (this is the 🟡 item in `TRANSLATION_POLICY.md` § 6)."
Genesis,2,25,,translator,,"**Verse 25 — *arummim*.** ""naak"". Note the deliberate sound-play the author sets up with *arum* (""slu/listig"", the serpent) in 3:1 — ""naak"" / ""slu"" does not carry it in Afrikaans. To be handled when Genesis 3 is translated; noted here so the wordplay is not lost across the chapter boundary."
Genesis,3,,,translator,,"**Divine name.** Narrative uses *YHWH Elohim* → **HERE God** (vv.8, 9, 13, 14, 21, 22, 23). Within speech the serpent and the woman say plain *Elohim* → **God** (vv.1, 3, 5), a deliberate contrast preserved here. Consistent with the policy established in Genesis 2."
Genesis,3,1,,reader,a,"""listig"" (*arum*) speel in Hebreeus op ""naak"" (*arummim*, 2:25) — dieselfde klank verbind die mens se naaktheid en die slang se listigheid."
Genesis,3,1,,translator,,"**Verse 1 — *arum*.** ""listig"" (crafty/shrewd). The word puns on *arummim* (""naked"", 2:25); the sound-link is lost in Afrikaans and carried by the footnote (as flagged at the 2:25→3:1 boundary in genesis-02). Alternative ""slu"" is equally good; ""listig"" chosen as the more standard Afrikaans-Bible rendering for the serpent."
Genesis,3,1,,translator,,"**Verse 1 — *af ki amar Elohim*.** ""Het God werklik gesê…?"" The particle *af ki* introduces the serpent's insinuating question; the distortion (""from *any/every* tree"", *mikkol etz*) is preserved as ""van al die bome"", since the serpent overstates God's actual prohibition."
Genesis,3,3,4,translator,,"**Verses 3–4 — *temutun* / *lo mot temutun*.** The woman says ""anders sal julle sterwe"" (*pen temutun*); the serpent flatly negates God's 2:17 wording — ""Julle sal sekerlik nie sterwe nie"" (*lo mot temutun*), mirroring the emphatic *mot tamut* (""sekerlik sterwe"") of 2:17. The contradiction is the point and is kept verbally parallel."
Genesis,3,5,,reader,a,"""soos God"" (*ke'elohim*) kan ook ""soos goddelike wesens / gode"" beteken."
Genesis,3,5,,translator,,"**Verse 5 — *ke'elohim*.** ""soos God"". Could be ""like God"" or ""like divine beings/gods"" (*Elohim* is morphologically plural); footnoted. The traditional singular ""soos God"" is retained in the body."
Genesis,3,6,,translator,,"**Verse 6 — *lehaskil*.** ""om insig te gee"" (to make wise/prudent). Distinct from *chokmah* (wysheid); *haskil* is the verb of gaining insight/success."
Genesis,3,7,,translator,,"**Verse 7 — *chagorot*.** ""lendedoeke"" (loincloths), chosen at review. *chagorah* (from *chagar*, ""to gird"") is a girdle/loincloth worn around the loins, so ""lendedoek"" is the literal rendering; preferred over the apron tradition (""skorte""/""voorskote"") to stay true to the Hebrew. *eirummim* (""naak"") echoes 2:25 and contrasts with the *arum* serpent of 3:1."
Genesis,3,8,,reader,a,"""in die aandwind"" — letterlik ""teen die wind (koelte) van die dag""."
Genesis,3,8,,translator,,"**Verse 8 — *leruach hayyom*.** ""in die aandwind"". *ruach* here is ""wind/breeze"" (per the glossary context rule, not ""Gees""); *ruach hayyom* is idiomatically the cool evening breeze. Footnoted; AFR53 ""teen die wind van die dag""."
Genesis,3,15,,reader,a,"Tradisioneel as die eerste evangelie-belofte (die *protoevangelium*) gelees; ""Hy"" verwys na die nageslag. Dieselfde Hebreeuse werkwoord (*shuf*) staan by albei ""vermorsel""."
Genesis,3,15,,translator,,"**Verse 15 — *shuf* (protoevangelium).** The **same** verb *yeshufekha* / *teshufennu* renders both clauses, so I used ""vermorsel"" for both to preserve the identity, even though ""vermorsel die hakskeen"" is slightly unusual in Afrikaans (some translations vary it to ""byt/loer na"" for the heel). The faithful single-verb rendering plus a footnote is the better choice — **confirmed at review**: stay true to the one Hebrew verb even where the Afrikaans is awkward (see the ""fidelity over smoothness"" principle in `TRANSLATION_POLICY.md` § 4). ""Hy"" (*hu*) refers grammatically to the collective *zera* (""nageslag""); left lowercase to avoid importing the messianic interpretation into the text (it is noted in the footnote instead)."
Genesis,3,16,,reader,a,"""swaarkry"" (*itstsavon*) is dieselfde woord wat in v.17 die man se straf beskryf — die vrou en die man se vonnis eggo mekaar. Die tweede woord, ""pyn"" (*etzev*), is die geboortepyn self."
Genesis,3,16,,reader,b,"""begeerte"" (*teshuqah*) en ""heers"" — vergelyk dieselfde woordpaar in 4:7."
Genesis,3,16,,translator,,"**Verse 16 — *itstsavon* / *etzev* / *teshuqah*.** *itstsavon* → **""swaarkry""**, rendered identically for the woman (v.16) and the man (v.17), so the deliberate word-link binding their two judgments is visible in the body (not buried in a footnote). *etzev* (v.16b, the actual birth labour — a sister noun of the same root ע־צ־ב) → **""pyn""**. ""begeerte"" for *teshuqah*; the *teshuqah* + ""heers"" (*mashal*) pairing recurs in 4:7 (sin's desire for Cain) and is kept identical so that cross-reference survives. The exact sense of v.16b is debated (desire ""for"" vs ""against"" the husband); the neutral ""na jou man sal jou begeerte wees"" is retained."
Genesis,3,17,,translator,,"**Verses 17, 20–23 — *adam* / ""die mens"" / ""Adam"".** Per the committed *adam* article rule (2026-05-31): arthrous *ha-adam* → ""die mens"" (v.20 ""die mens het sy vrou Eva genoem""; v.22, 24), anarthrous *adam* of the individual → ""Adam"". So **v.17** (*ul'adam*) and **v.21** (*l'adam*) read ""Adam"" (back-applied at promotion of Genesis 4); the arthrous occurrences stay ""die mens""."
Genesis,3,20,,reader,a,"""Eva"" (*Chawwa*) klink soos die Hebreeuse woord vir ""lewe / lewende"" (*chai*)."
Genesis,3,20,23,translator,,"**Verses 17, 20–23 — *adam* / ""die mens"" / ""Adam"".** Per the committed *adam* article rule (2026-05-31): arthrous *ha-adam* → ""die mens"" (v.20 ""die mens het sy vrou Eva genoem""; v.22, 24), anarthrous *adam* of the individual → ""Adam"". So **v.17** (*ul'adam*) and **v.21** (*l'adam*) read ""Adam"" (back-applied at promotion of Genesis 4); the arthrous occurrences stay ""die mens""."
Genesis,3,20,,translator,,"**Verse 20 — *Chawwa* / Eva.** ""Eva"" (established Afrikaans form). The naming puns on *chai* (""living"") — ""moeder van alle lewendes""; footnoted."
Genesis,3,22,,translator,,"**Verse 22 — *ke'achad mimmennu*.** ""soos een van Ons"" — the divine plural again (cf. 1:26), left ambiguous as the Hebrew leaves it. The sentence breaks off (aposiopesis, *pen yishlach yado* …), rendered with an em-dash."
Genesis,3,24,,translator,,"**Verse 24 — *keruvim* / *lahat hacherev*.** ""gérubs"" (cherubim, transliterated established form); ""die vlam van die swaard wat heen en weer beweeg"" for *lahat hacherev hammithappekhet* (the whirling/flashing sword). *gérubs* proposed for the glossary."
Genesis,4,,,translator,,"**Divine name.** Genesis 4 uses *YHWH* → **HERE** (vv.1, 3, 4, 6, 9, 13, 15, 16, 26); plain *Elohim* → **God** in Eve's speech (v.25). Consistent with the established policy."
Genesis,4,1,,reader,a,"""verkry"" speel op die naam Kain (*Qayin* ~ *qanah*, ""verkry""). Die Hebreeus *et-YHWH* is moeilik — ""met die hulp van die HERE"" (of letterlik ""met die HERE"")."
Genesis,4,1,,reader,b,"""geken"" (*yada*, ""ken"") is hier die eufemisme vir die huwelikse omgang — dieselfde ""ken""-werkwoord wat in Hebreeus (en in Engels, ""knew"") so gebruik word."
Genesis,4,1,,reader,c,"""die mens"" (4:1, met lidwoord) teenoor ""Adam"" (4:25, eienaam): die Hebreeus self skakel hier van die soortnaam *ha-adam* na die eienaam *adam* oor."
Genesis,4,1,,translator,,"**Verses 1, 25 — *adam* / ""Adam"" (decision point).** Per the committed rule (article-driven): *ha-adam* **with the article** → ""die mens"" (v.1, ""die mens het sy vrou Eva geken""); **anarthrous** *adam* used as the individual's name → ""Adam"" (v.25, ""En Adam het sy vrou weer geken""). The Hebrew itself makes the switch — arthrous at v.1, anarthrous at v.25 — and we follow it. **Retroactive consequence:** the anarthrous *lə-adam* at **2:20, 3:17, 3:21** (already-promoted chapters) becomes ""Adam"" and must be updated on promotion of this chapter. (2:5, anarthrous but generic/pre-creation ""no human"", stays ""mens"".)"
Genesis,4,1,,translator,,"**Verse 1 — *qaniti … et-YHWH*.** ""Ek het 'n man verkry met die hulp van die HERE."" The clause is famously hard: *qaniti ish et-YHWH* literally ""I have acquired a man [with?] YHWH"". *et* may be the preposition ""with (the help of)"" (so most) or the accusative marker (yielding the unlikely ""I have gotten a man, the LORD""). I follow the majority ""with the help of"". The verb *qanah* (""acquire"") puns on the name *Qayin* (Kain) — footnoted."
Genesis,4,1,,translator,,"**Verse 1 — *yada*.** ""geken"" (changed from ""beken"" at review). *yada* (""to know"") is used here as the euphemism for marital intimacy; ""ken/geken"" is the **direct cognate** of the ordinary ""know"" verb, so it mirrors the Hebrew's own mechanism (plain verb + context doing the euphemistic work) — more faithful than the prefixed ""beken"" (which means ""confess"" in modern Afrikaans and is the AFR53/Statenvertaling word). Applied also at vv.17, 25; the euphemism is footnoted."
Genesis,4,3,5,translator,,"**Verses 3–5 — *minchah*.** ""offergawe"" (gift/tribute offering). Distinct from *zevach* (blood sacrifice, glossary → ""offer""); *minchah* is the general offering/gift, here both Cain's grain and Abel's animal. Proposed for the glossary."
Genesis,4,4,,translator,,"**Verse 4 — *vayisha* (*sha'ah*).** ""ag geslaan op"" (regarded / paid heed to), changed at review from ""met welgevalle aangesien"". *sha'ah* = ""gaze at / regard""; the favourable nuance is carried by the contrast with v.5 (""nie ag geslaan nie""), so the interpretive ""welgevalle"" is dropped — both clearer and more faithful. (""aangesien"" as a participle of *aansien* collides with the conjunction *aangesien* = ""since"", and reads awkwardly.)"
Genesis,4,7,,reader,a,"""begeerte"" en ""heers"" eggo presies 3:16 — die sonde se houvol op Kain word in dieselfde woorde as die vrou se vonnis beskryf."
Genesis,4,7,,translator,,"**Verse 7 — difficult verse.** *halo im teitiv se'et* — ""if you do well, [is there not] *se'et*?"" *se'et* (""lifting up"") implies acceptance / a lifted countenance (contrast ""his face fell"", v.5); rendered ""verheffing"". *lapetach chatat rovetz* — ""sin is *crouching* (like a beast) at the door"" — ""lê die sonde en loer voor die deur"". Crucially, *ve'elekha teshuqato ve'atah timshol bo* reuses the exact 3:16 pair — *teshuqah* (""begeerte"") + *mashal* (""heers"") — so the rendering is kept identical to 3:16 to preserve the deliberate echo."
Genesis,4,8,,reader,a,"Die Masoretiese Teks gee nie Kain se woorde nie; die Septuagint en Samaritaanse Pentateug voeg by: ""Kom ons gaan na die veld toe."""
Genesis,4,8,,translator,,"**Verse 8 — textual variant.** MT records that Cain ""said to"" Abel but gives no words; ""het met sy broer Abel gepraat"". The LXX, Samaritan Pentateuch, Peshitta and Vulgate supply ""Let us go out to the field."" Following the MT in the body; variant footnoted."
Genesis,4,13,,translator,,"**Verse 13 — *avon*.** ""My straf is groter as wat ek kan dra."" *avon* (glossary → ""ongeregtigheid"") here shades toward ""punishment for iniquity""; ""straf"" fits the context (Cain laments the sentence, not his guilt). Alternative: ""my skuld is te groot om te dra."" Flagged."
Genesis,4,14,,reader,a,"""grond"" (*adamah*) is die bewerkbare grond/akkergrond — Kain word van die grond wat hy bewerk het verban (vgl. die vloek, v.11–12), nie van die aarde (*erets*) self nie, waarop hy bly swerf. Dieselfde werkwoord ""verdryf"" (*garash*) is in 3:24 vir die mens se verbanning uit Eden gebruik."
Genesis,4,14,,translator,,"**Verse 14 — *adamah* / *erets*.** ""van die oppervlak van die grond af"" renders *me'al penei ha-adamah* literally. *adamah* (""grond"", cultivable soil) is kept distinct from *erets* (""aarde"", the wider earth, same verse) — Cain is driven from the **soil he farmed** (now cursed against him, v.11–12), not removed from the earth, on which he then wanders. *adamah* is a Leitwort here, rendered ""grond"" throughout the chapter (vv.2, 3, 10, 11, 12, 14) to keep the thread; ""landbougrond"" would be clearer but less literal and would break the keyword. The verb *garash* (""verdryf"") echoes 3:24 (the man driven from Eden). A reader footnote carries the clarification."
Genesis,4,15,,reader,a,"Die ""teken"" (die sogenaamde merk van Kain) se aard word nie genoem nie — dit beskerm hom, eerder as om hom te straf."
Genesis,4,15,,translator,,"**Verse 15, 24 — *shivatayim*.** ""sewevoudig"" (sevenfold), echoed in Lamech's boast (v.24, ""sewen-en-sewentigvoudig"") — the escalation of vengeance is kept verbally linked."
Genesis,4,16,,reader,a,"""Nod"" klink soos die Hebreeus vir ""swerwing"" (*nad*, vgl. ""swerwer"" in v.12, 14)."
Genesis,4,17,22,translator,,"**Verses 17–22 — proper names.** Established/transliterated Afrikaans forms: Henog, Irad, Mehújael, Metúsael, Lameg, Ada, Silla, Jabal, Jubal, Tubal-Kain, Naäma. *kinnor* → ""lier"", *ugav* → ""fluit"" (v.21); *lotesh … nechoshet uvarzel* → ""smid van … koper- en ystergereedskap"" (v.22)."
Genesis,4,24,,translator,,"**Verse 15, 24 — *shivatayim*.** ""sewevoudig"" (sevenfold), echoed in Lamech's boast (v.24, ""sewen-en-sewentigvoudig"") — the escalation of vengeance is kept verbally linked."
Genesis,4,25,,reader,a,"""Set"" (*Shet*) klink soos die Hebreeuse woord vir ""aangestel/gegee"" (*shat*)."
Genesis,4,25,,translator,,"**Verses 1, 25 — *adam* / ""Adam"" (decision point).** Per the committed rule (article-driven): *ha-adam* **with the article** → ""die mens"" (v.1, ""die mens het sy vrou Eva geken""); **anarthrous** *adam* used as the individual's name → ""Adam"" (v.25, ""En Adam het sy vrou weer geken""). The Hebrew itself makes the switch — arthrous at v.1, anarthrous at v.25 — and we follow it. **Retroactive consequence:** the anarthrous *lə-adam* at **2:20, 3:17, 3:21** (already-promoted chapters) becomes ""Adam"" and must be updated on promotion of this chapter. (2:5, anarthrous but generic/pre-creation ""no human"", stays ""mens"".)"
Genesis,4,26,,translator,,"**Verse 26 — *huchal*.** ""Toe is daar begin om die Naam van die HERE aan te roep."" The passive *huchal* (""it was begun"") is rendered impersonally; alternative ""Toe het die mense begin…"". *az* = ""then / at that time""."
Genesis,5,,,translator,,"**Divine name.** Genesis 5 uses *Elohim* → **God** (vv.1 ×2, 22, 24) and *YHWH* → **HERE** (v.29, in Lamech's naming speech). *ha-Elohim* (with article, vv.22, 24) is still ""God""."
Genesis,5,,,translator,,"**Numbers.** The ages are given as **numerals** (confirmed at review) for readability across the genealogy — equally faithful, since Hebrew has no separate numeral script."
Genesis,5,,,translator,,"**Genealogy formula — *yalad* / *holid* → ""die vader (ge)word van"".** *holid* (hiphil, the father's begetting) is rendered ""die vader geword van [son]"" (changed at review from ""verwek""), which also **matches the ""vader van"" phrasing already used in Genesis 4** (4:18). ""seuns en dogters gehad"" for the closing *vayyoled banim uvanot*. The Hebrew subtlety is preserved: **v.4 (Adam)** uses *yemei* (""Adam se dae … **was** 800 jaar""), while the other ""after begetting"" verses use *vaychi* (""… het … **geleef**""). The fixed frame: ""X het N jaar geleef, en hy het die vader geword van Y… [X het] nadat hy die vader van Y geword het, M jaar geleef, en hy het seuns en dogters gehad… so was al die dae van X … jaar; en hy het gesterf."""
Genesis,5,1,,reader,a,"""mens"" (*adam*) staan hier vir die mensdom (manlik en vroulik saam, v.2), soos in 1:27 — nie die individu Adam nie. Die eienaam ""Adam"" begin by v.3."
Genesis,5,1,,translator,,"**Verse 1 — *sefer toledot*.** ""die boek van die geslagsregister"" — the genealogical sense of *toledot* (committed glossary: ""wordingsgeskiedenis"" for origins, **""geslagsregister/geslagte""** for genealogies, as here). *bara* + *asah* both appear (""geskep… gemaak""), distinction preserved."
Genesis,5,1,2,translator,,"**Verses 1–2 — *adam* (generic).** Here *adam* is **mankind**, male and female together — ""die mens"" (v.1), and ""hulle naam 'mens' genoem"" (v.2). This is the collective sense (per the committed *adam* rule's generic exception), deliberately rendered ""manlik en vroulik"" to **match 1:27**. The personal name ""Adam"" begins at v.3 (""En Adam het … geleef"")."
Genesis,5,1,,translator,,"**Verses 1, 3 — *demut* / *tselem*.** ""gelykenis"" / ""beeld"" (committed renderings, as in 1:26). The echo is theological: God makes *adam* in His likeness (v.1), and Adam fathers Seth in *his* likeness and image (v.3). Kept verbally parallel."
Genesis,5,3,,reader,a,"Adam word ""die vader … van 'n seun na sy gelykenis, na sy beeld"" — 'n bewuste weerklank van 1:26–27, waar God die mens na sý beeld maak."
Genesis,5,3,,translator,,"**Verses 1, 3 — *demut* / *tselem*.** ""gelykenis"" / ""beeld"" (committed renderings, as in 1:26). The echo is theological: God makes *adam* in His likeness (v.1), and Adam fathers Seth in *his* likeness and image (v.3). Kept verbally parallel."
Genesis,5,21,,reader,a,Metúsalag (Hebreeus *Metushélach*) moet nie verwar word met Metúsael (*Metushaél*) van 4:18 nie — twee verskillende name uit twee verskillende geslagslyne.
Genesis,5,21,,translator,,"**Verse 21 — Metúsalag, and echo-names.** *Methushelach* → **""Metúsalag""** (the form Afrikaans readers know), kept distinct from *Methushael* → **""Metúsael""** (4:18); footnoted at first occurrence. Likewise the Lameg of v.25 (Seth's line, Noah's father) is **not** the Lameg of 4:18–24 (Cain's line) — both *Lemekh* → ""Lameg"", with a footnote at v.25. These shared names (also Henog) are the author's deliberate device pairing the Cainite and Sethite lines in parallel."
Genesis,5,22,,translator,,"**Verses 22, 24 — *vayit'hallekh … et-ha-Elohim*.** ""het met God gewandel"" — intimate fellowship with God (the *hithpael* of *halakh*, the same stem used of God ""walking"" in the garden, 3:8). *ve'einennu ki laqach oto Elohim* (v.24) → ""hy was nie meer nie, want God het hom weggeneem"" — Enoch is taken without dying; rendered plainly without importing later interpretation."
Genesis,5,24,,reader,a,"Anders as elke ander vers in die lys (""en hy het gesterf""), sterf Henog nie: ""hy was nie meer nie, want God het hom weggeneem""."
Genesis,5,24,,translator,,"**Verses 22, 24 — *vayit'hallekh … et-ha-Elohim*.** ""het met God gewandel"" — intimate fellowship with God (the *hithpael* of *halakh*, the same stem used of God ""walking"" in the garden, 3:8). *ve'einennu ki laqach oto Elohim* (v.24) → ""hy was nie meer nie, want God het hom weggeneem"" — Enoch is taken without dying; rendered plainly without importing later interpretation."
Genesis,5,25,,reader,a,"Hierdie Lameg moet onderskei word van die Lameg van Genesis 4:18–24, die afstammeling van Kain. Die twee genealogieë van Genesis 4 (Kain se lyn) en Genesis 5 (Set se lyn) bevat verskeie eggo-name — waaronder Henog en Lameg — wat doelbewus deur die outeur ingespan word om die twee lyne in parallel te plaas en te kontrasteer."
Genesis,5,29,,reader,a,"""Noag"" (*Noach*) word met ""sal ons troos"" (*yenachamenu*) verklaar — 'n klankspel. ""swaarkry"" (*itstsavon*) en die vervloekte grond eggo die vloek van 3:17."
Genesis,5,29,,translator,,"**Verse 29 — Noah's naming.** *zeh yenachamenu* ""this one will comfort us"" puns on the name *Noach* (Noag) — a sound-play, not strict etymology (the name's root is more likely *nuach*, ""rest""); footnoted. *itstsavon* → ""swaarkry"" (committed, exactly as 3:16–17) and *adamah* → ""grond … wat die HERE vervloek het"" deliberately echo the curse of 3:17; *arar* → ""vervloek"" (committed)."
Genesis,6,,,translator,,"**Divine name.** *YHWH* → **HERE** (vv.3, 5, 6, 7, 8); *Elohim* / *ha-Elohim* → **God** (vv.2, 4 ""seuns van God""; 9, 11, 12, 13, 22). The shift tracks the source's alternation."
Genesis,6,1,,reader,a,"""die mens"" (*adam*) staan hier vir die mensdom (vgl. 1:26–27; 5:1–2)."
Genesis,6,1,,translator,,"**Verse 1 — *ha'adam* (generic).** ""die mens"" = mankind (collective; ""dogters … vir hulle""), per the committed *adam* rule's generic sense (cf. 1:26–27, 5:1–2). Footnoted."
Genesis,6,2,,reader,a,"""seuns van God"" (*bnei ha-Elohim*) word uiteenlopend verklaar: (1) hemelse wesens / die goddelike raad — die oudste lesing (vgl. Job 1:6; 2:1; 38:7, waar dieselfde uitdrukking duidelik hemelwesens is); (2) die vrome Set-lyn; of (3) magtige heersers. Die vertaling bly letterlik en laat die keuse oop."
Genesis,6,2,,translator,,"**Verse 2 — *bnei ha-Elohim*.** ""seuns van God"" — rendered literally; the three main interpretations (divine beings, the Sethite line, dynastic rulers) are left open, footnoted, not decided in the body. **Committed at review as the standing Bible-wide convention** (incl. Job 1:6; 2:1; 38:7) — only the literal rendering works consistently across all occurrences (in Job they are clearly heavenly beings)."
Genesis,6,3,,reader,a,"""bly"" (*yadon*) is onseker — dit kan ook ""twis"" of ""oordeel"" beteken. Die ""120 jaar"" is óf 'n perk op die mens se leeftyd, óf die tyd tot die vloed."
Genesis,6,3,,translator,,"**Verse 3 — *yadon* / *beshaggam* / 120 years.** ""bly"" for *yadon* (abide/remain), **confirmed at review**; the alternative ""twis/oordeel"" (contend/judge) is footnoted — the verb is genuinely uncertain. *beshaggam hu basar* ""omdat hy ook vlees is"" (*basar* → vlees, committed). The number is given as a numeral (**120 jaar**), consistent with the Genesis 5 numerals decision."
Genesis,6,4,,reader,a,"""Nefilim"" (van 'n wortel wat ""val"" beteken) — die reuse/geweldenaars van die ou tyd; ""manne van naam"" = beroemdes."
Genesis,6,4,,translator,,"**Verse 4 — *Nefilim* / *gibborim* / *anshei hashem*.** ""Nefilim"" transliterated (**confirmed at review**; to be registered in `PROPER_NAMES.md` on promotion); *gibborim* → ""helde"" (mighty warriors); *anshei hashem* → ""manne van naam"" (men of renown). Footnoted."
Genesis,6,5,,reader,a,"Die Hebreeuse woord *yetzer* (""geneigdheid"") kom van die werkwoord *yatsar* (""vorm, boetseer"") — dieselfde werkwoord wat in Genesis 2:7 gebruik word vir hoe God die mens uit die stof gevorm het. Daar is 'n doelbewuste eggo: dieselfde God wat die mens fisies gevorm het, kyk nou na die geneigdheid (die innerlike vorming) van die mens se hart. Hierdie woord het later die fondament geword van die Joodse leerstelling van die *yetzer hara* (bose geneigdheid) en *yetzer hatov* (goeie geneigdheid)."
Genesis,6,6,,reader,a,"""berou"" (*nacham*) speel op die naam Noag (*Noach*, 5:29); ""bedroef"" (*atsev*) deel die wortel van die ""swaarkry"" (*itstsavon*) van 3:16–17 — die mens se sonde bedroef God."
Genesis,6,6,7,translator,,"**Verses 6–7 — *nacham* / *atsev*.** ""berou"" for *nacham* — the **same root as Noah's name** (*Noach*, 5:29) and a key wordplay; God ""regrets"". ""bedroef"" for *atsev*, which shares the root of *itstsavon* (""swaarkry"", 3:16–17) — humanity's sin now grieves God. Both echoes footnoted."
Genesis,6,8,,translator,,"**Verse 8 — *chen*.** ""genade gevind in die oë van die HERE"" (*chen* → genade, committed). The first occurrence of ""genade"" in the Bible; the pivot of the narrative."
Genesis,6,9,,reader,a,"""met God gewandel"" — dieselfde uitdrukking as by Henog (5:22, 24)."
Genesis,6,9,,translator,,"**Verse 9 — *toledot* / *tsaddiq* / *tamim* / ""walked with God"".** ""geslagsregister"" (genealogy sense of *toledot*); *tsaddiq* → ""regverdig""; *tamim* → ""opreg"" (blameless/complete); *bedorotav* → ""onder sy tydgenote"". ""met God gewandel"" rendered **identically to 5:22, 24** (Henog) — the deliberate link."
Genesis,6,11,13,translator,,"**Verses 11–13 — *shachat* / *chamas*.** *shachat* → ""verdorwe/verderf"" (corrupt/destroy — the same root used for the corruption *and* God's destroying response, vv.11–13, 17); *chamas* → ""geweld"" (violence). Proposed for the glossary."
Genesis,6,14,,reader,a,"""ark"" (*tevah*); ""goferhout"" (*gofer*, 'n onsekere houtsoort); ""pik"" (*kofer*)."
Genesis,6,14,16,translator,,"**Verses 14–16 — ark vocabulary.** *tevah* → ""ark""; *atzei-gofer* → ""goferhout"" (the wood is unidentified); *kofer* → ""pik"" (pitch; note its root is shared with *kippur*, atonement — not pressed here); *tsohar* (v.16) → ""opening"" (**confirmed at review**; uncertain in Hebrew — a light-opening or roof — footnoted). Dimensions in *amah* → ""el"" (committed, provisional) as numerals, with a metric footnote."
Genesis,6,15,,reader,a,"'n El (*amah*) is ongeveer 45 cm; die ark is dus sowat 135 m lank, 22,5 m breed en 13,5 m hoog."
Genesis,6,16,,reader,a,"""opening"" (*tsohar*) is onseker — moontlik 'n lig-opening of 'n dak."
Genesis,6,17,,reader,a,"""asem van die lewe"" vertaal *ruach chayyim*; hier is *ruach* ""asem"" (van die skepsel), nie ""Gees"" (van God) of ""wind"" nie."
Genesis,6,17,,translator,,"**Verse 17 — *mabbul* / *ruach chayyim*.** *mabbul* → ""watervloed"" (the technical word for the Flood). *ruach chayyim* → ""asem van die lewe"": here *ruach* is ""asem"" (breath of the creature), per the context rule — kept distinct from ""Gees"" (of God) and ""wind"", and from *neshamah* (2:7). Footnoted."
Genesis,6,18,,reader,a,"Die eerste vermelding van ""verbond"" (*berit*) in die Bybel."
Genesis,6,18,,translator,,"**Verse 18 — *berit*.** ""verbond"" (committed) — the **first covenant** in the Bible. Footnoted."
Genesis,7,,,translator,,"**Divine name.** *YHWH* → **HERE** (vv.1, 5, 16b) and *Elohim* → **God** (vv.9, 16a). Note v.16, where both occur in one verse: ""soos **God** hom beveel het; en die **HERE** het agter hom toegesluit"" — the source's deliberate juxtaposition is preserved."
Genesis,7,,,translator,,"**Numbers.** Numerals for the larger/specific quantities and dates (40, 600, 15 el, 150, 17de), consistent with the Genesis 5 decision; the small pairing-counts (""sewe-sewe"", ""twee"", ""twee-twee"", ""sewe dae"") are spelled where numerals would read oddly."
Genesis,7,1,,translator,,"**Verse 1 — *tsaddiq*.** ""regverdig"" (committed, as in 6:9). Rendered in natural subject-first order (""Ek het jou as regverdig voor My gesien""); *tsaddiq* is the predicative complement of *ra'iti* (""saw you [to be] righteous""), so ""as"" carries the grammar without adding content."
Genesis,7,2,,reader,a,"""rein""/""onrein"" (*tahor*/*tame*) — die eerste keer dat hierdie onderskeid in die Bybel voorkom, lank voor die wet van Moses."
Genesis,7,2,,reader,b,"""sewe-sewe"" vertaal die Hebreeuse verdubbeling letterlik (vgl. ""twee-twee"", v.9); die meeste lees dit as sewe *paar* van elke rein soort, party as sewe individue."
Genesis,7,2,3,translator,,"**Verses 2–3, 8 — *tahor* / *tame*.** ""rein"" / ""onrein"" (clean / unclean) — the **first occurrence** of this distinction, well before the Mosaic law; proposed for the glossary. The unclean are phrased ""die diere wat nie rein is nie"" (*asher lo tehorah*), matching the Hebrew's negation rather than the flat *tame*."
Genesis,7,2,3,translator,,"**Verses 2–3 — *shivah shivah* / *ish ve'ishto*.** ""sewe-sewe"" — the Hebrew distributive doubling, rendered literally to match ""twee-twee"" (*shnayim shnayim*, vv.9, 15); the ""seven pairs"" reading is carried in the footnote rather than baked into the verse. *ish ve'ishto* (""a man and his wife""), used of animals, → ""die mannetjie en sy wyfie""; *zakhar uneqevah* of animals → ""mannetjie en wyfie"" (vs ""manlik en vroulik"" for humans, 1:27) — a context distinction, noted."
Genesis,7,4,,translator,,"**Verses 4, 23 — *machah* / *yequm*.** ""uitwis"" for *machah* (blot out; consistent with 6:7); *yequm* (""standing/living things"") → ""lewende wesens"". v.23 repeats the verb (*vayyimach … vayyimmachu*) — kept as ""uitgewis … uitgewis""."
Genesis,7,8,,translator,,"**Verses 2–3, 8 — *tahor* / *tame*.** ""rein"" / ""onrein"" (clean / unclean) — the **first occurrence** of this distinction, well before the Mosaic law; proposed for the glossary. The unclean are phrased ""die diere wat nie rein is nie"" (*asher lo tehorah*), matching the Hebrew's negation rather than the flat *tame*."
Genesis,7,11,,reader,a,"""die groot dieptes"" (*tehom rabbah*, die oer-waters van onder, vgl. 1:2) en ""die sluise van die hemel"" (die waters van bo, vgl. 1:7) breek saam deur — die skepping se waterskeiding word as 't ware omgekeer."
Genesis,7,11,,translator,,"**Verse 11 — *tehom rabbah* / *arubbot hashamayim* / dates.** ""die groot dieptes"" (*tehom*, committed ""dieptes/diepwater""); ""die sluise van die hemel"" (floodgates/windows). The date is given with numerals where specific (""600ste jaar"", ""17de dag""); ""tweede maand"" spelled. The cosmic reversal (waters above + below, undoing 1:6–7) is footnoted."
Genesis,7,16,,reader,a,"""die HERE het agter hom toegesluit"" — 'n teer beeld: God self sluit die ark toe."
Genesis,7,17,24,translator,,"**Verses 17–24 — *gavar*.** ""die oorhand kry/hê"" for *gavar* (prevail/overpower) — rendered consistently across vv.18, 19, 20, 24, so the relentless rising of the water reads as one motion. *me'od me'od* (v.19) → ""buitengewoon sterk""."
Genesis,7,20,,reader,a,"'n El (*amah*) is ongeveer 45 cm; die water het dus sowat 6,75 m bo die berge gestaan."
Genesis,7,22,,reader,a,"""asem van die lewe"" — die Hebreeus stapel hier *neshamah* (""asem"") en *ruach* (""gees/asem"") van die lewe op (*nishmat-ruach chayyim*)."
Genesis,7,22,,translator,,"**Verse 22 — *nishmat-ruach chayyim*.** ""die asem van die lewe"" — the Hebrew piles up *neshamah* (""asem"", cf. 2:7) and *ruach chayyim* (""asem/gees van die lewe"", cf. 6:17); rendered as one phrase with a footnote, since splitting them (""die asem van die lewensgees"") reads stiffly."
Genesis,7,23,,translator,,"**Verses 4, 23 — *machah* / *yequm*.** ""uitwis"" for *machah* (blot out; consistent with 6:7); *yequm* (""standing/living things"") → ""lewende wesens"". v.23 repeats the verb (*vayyimach … vayyimmachu*) — kept as ""uitgewis … uitgewis""."
Genesis,8,,,translator,,"**Divine name.** *Elohim* → **God** (vv.1, 15) in the recession/command; *YHWH* → **HERE** (vv.20, 21) at the altar and the promise. The shift tracks the source."
Genesis,8,1,,reader,a,"""God het aan Noag gedink"" (*zakhar*) — die keerpunt van die verhaal. Die ""wind"" (*ruach*) wat God oor die aarde laat waai, eggo 1:2, waar die Gees/wind van God oor die waters beweeg."
Genesis,8,1,,translator,,"**Verse 1 — *zakhar* / *ruach*.** ""God het aan Noag gedink"" — *zakhar* (""remember"") is the hinge of the whole flood narrative. ""'n wind oor die aarde"" (*ruach* → ""wind"", per the context rule, not ""Gees"") — but the wind deliberately **echoes 1:2** (the *ruach Elohim* over the waters); footnoted. ""bedaar"" for *shakhakh* (subside)."
Genesis,8,4,,reader,a,"""gerus"" (*nuach*) speel op die naam Noag (*Noach*); so ook ""rusplek"" (v.9, *manoach*). Die ark ""rus"" op Ararat."
Genesis,8,4,,translator,,"**Verses 4, 9 — *nuach* / *manoach* (the Noah wordplay).** The ark ""gerus"" (*nuach*) on Ararat and the dove finding no ""rusplek"" (*manoach*) both pun on **Noach** (Noah, ""rest"") — the name's likely root, cf. the *nacham* play at 5:29 and 6:6. Footnoted."
Genesis,8,4,,translator,,"**Verses 4, 13–14 — dates / numerals.** Numerals for specific days/years (""17de"", ""27ste"", ""601ste"", ""150"", ""40""); month/ordinal small numbers spelled (""sewende maand"", ""eerste dag"", ""sewe dae""), consistent with Genesis 5/7."
Genesis,8,6,,translator,,"**Verses 6 — *challon*.** ""venster"" (window) — a different word from *tsohar* (6:16, ""opening""); kept distinct."
Genesis,8,7,8,translator,,"**Verses 7–8 — *orev* / *yonah*.** ""raaf"" (raven) and ""duif"" (dove). The verb *qalal* in vv.8, 11 means ""abate/subside"" (the waters lightened) — **not** the ""curse"" sense of *qalal* in v.21; the same root, two senses, noted here so the reader isn't confused."
Genesis,8,9,,translator,,"**Verses 4, 9 — *nuach* / *manoach* (the Noah wordplay).** The ark ""gerus"" (*nuach*) on Ararat and the dove finding no ""rusplek"" (*manoach*) both pun on **Noach** (Noah, ""rest"") — the name's likely root, cf. the *nacham* play at 5:29 and 6:6. Footnoted."
Genesis,8,11,,reader,a,Die vars olyfblaar word 'n blywende teken van vrede en nuwe lewe.
Genesis,8,13,14,translator,,"**Verses 4, 13–14 — dates / numerals.** Numerals for specific days/years (""17de"", ""27ste"", ""601ste"", ""150"", ""40""); month/ordinal small numbers spelled (""sewende maand"", ""eerste dag"", ""sewe dae""), consistent with Genesis 5/7."
Genesis,8,17,,translator,,"**Verse 17 — *pru urvu*.** ""vrugbaar wees en vermeerder"" — the post-flood re-issue of the creation blessing (1:22, 28), rendered identically to mark the new beginning."
Genesis,8,20,,translator,,"**Verse 20 — *mizbeach* / *olah* / *tahor*.** ""altaar"" (*mizbeach*, committed); ""brandoffer"" (*olah*, the whole burnt offering — proposed; distinct from *zevach* ""offer"" and *minchah* ""offergawe""); ""rein"" (*tahor*, as in Genesis 7)."
Genesis,8,21,,reader,a,"""lieflike geur"" (*reach nichoach*) — die offer wat God behaag. ""vervloek"" hier is *qalal*, 'n ander werkwoord as die *arar* van 3:17, al gaan albei oor die vloek op die grond. ""die geneigdheid (*yetzer*) van die mens se hart is sleg"" eggo presies 6:5."
Genesis,8,21,,translator,,"**Verse 21 — *reach nichoach* / *qalal* / *yetzer*.** ""lieflike geur"" (*reach nichoach*, the pleasing aroma). *qalal* → ""vervloek"" — chosen for the thematic echo of the ground-curse (3:17), with the footnote noting it is a **different verb** from *arar* (3:17, 4:11, 5:29). *yetzer* → ""geneigdheid"" (committed; changed from ""versinsel"" 2026-06-02, Gen 6:5 re-passed) — and v.21b (""die geneigdheid … is sleg"") deliberately repeats 6:5, now as the reason God shows mercy rather than judgement."
Genesis,8,22,,reader,a,"God se belofte: die ritmes van die skepping (saaityd/oestyd, koue/hitte, somer/winter, dag/nag) sal nie weer ophou nie."
Genesis,8,22,,translator,,"**Verse 22 — creation rhythms.** *zera* here = ""saaityd"" (sowing/seedtime, not ""nageslag""); *qatzir* = ""oestyd"". The six paired opposites are kept as tight pairs."
Genesis,9,,,translator,,"**Divine name.** *Elohim* → **God** throughout (vv.1, 6, 8, 12, 16, 17, 27); *YHWH* → **HERE** at v.26 (""Geseënd is die HERE, die God van Sem""). The single YHWH stands out deliberately — Shem's God is the covenant LORD."
Genesis,9,1,,translator,,"**Verses 1, 7 — *pru urvu*.** ""Wees vrugbaar en vermeerder"" — the creation blessing of 1:28 re-issued to Noah, rendered identically (it brackets the meat/blood laws, vv.1 and 7)."
Genesis,9,4,,reader,a,"Die verbod op bloed: die ""lewe"" (*nephesh*) is in die bloed; daarom mag vleis nie met sy bloed geëet word nie."
Genesis,9,4,6,translator,,"**Verses 4–6 — *nephesh* / *dam* / *tselem*.** ""lewe"" for *nephesh* (the life that is in the blood, v.4; the life required, v.5 — context rule, not ""wese/siel""). v.6 is a tight Hebrew chiasm (""shofekh dam ha'adam / ba'adam damo yishshafekh"") and is kept compact; ""beeld"" (*tselem*, committed) grounds it in 1:27. The image-of-God reason for capital justice is the theological peak of the passage — footnoted."
Genesis,9,6,,reader,a,Die grond vir die heiligheid van menslike lewe: die mens is na die beeld van God gemaak (vgl. 1:27). Die vers vorm in Hebreeus 'n kunstige spieëlbeeld (chiasme): bloed–mens / mens–bloed.
Genesis,9,7,,translator,,"**Verses 1, 7 — *pru urvu*.** ""Wees vrugbaar en vermeerder"" — the creation blessing of 1:28 re-issued to Noah, rendered identically (it brackets the meat/blood laws, vv.1 and 7)."
Genesis,9,9,17,translator,,"**Verses 9–17 — *berit* / *ot* / *qeshet*.** ""verbond"" (*berit*, committed) and ""teken"" (*ot*, committed). *qeshet* → **""boog""** (literal), footnoted as the rainbow and, by the word's other sense, a war-bow that God ""hangs up"". ""berit olam"" → ""ewige verbond"" (v.16). *zakhar* → ""onthou"" (vv.15, 16), the same verb as God's ""remembering"" Noah in 8:1."
Genesis,9,13,,reader,a,"""boog"" (*qeshet*) is die reënboog; die woord is ook die naam vir die krygsboog — 'n beeld van God wat sy wapen wegbêre."
Genesis,9,18,,translator,,"**Verse 18 — Kanaän introduced.** ""Gam was die vader van Kanaän"" — flagged early because Canaan, not Ham, bears the curse (vv.25–27). **Kanaän** registered in `PROPER_NAMES.md`."
Genesis,9,20,24,translator,,"**Verses 20–24 — *karem* / *yayin* / *shakhar* / *ervah*.** ""wingerd"" (vineyard), ""wyn"", ""dronk word"" (*shakhar*), ""naaktheid"" (*ervah*). *ish ha'adamah* → ""man van die grond"" (the soil-worker, echoing Noah's farming vocation and the *adamah* of 5:29). *beno haqqatan* → ""sy jongste seun""."
Genesis,9,25,,reader,a,"""Vervloek is Kanaän"" — die vloek tref Gam se seun Kanaän (stamvader van die Kanaäniete), nie Gam self nie. ""slaaf van slawe"" beteken die heel laagste kneg."
Genesis,9,25,27,translator,,"**Verses 25–27 — *arur* / *eved avadim* / the Japheth pun.** ""Vervloek"" (*arar*, committed); the curse falls on **Kanaän**, not Ham (footnoted). *eved avadim* (""servant of servants"") → ""'n slaaf van slawe"" = the lowest servant (footnoted). v.27 puns on Japheth: *yaft … leYefet* (""may he enlarge Yefet"") → ""Mag God Jafet ruim maak"" — footnoted. ""Geseënd"" for *baruch*."
Genesis,9,27,,reader,a,"""Mag God Jafet ruim maak"" — 'n klankspel op die naam Jafet (*Yefet*, wat soos die woord vir ""uitbrei"", *yaft*, klink)."
Genesis,9,28,29,translator,,"**Verses 28–29 — Noah's death.** ""geleef"" + numerals (350, 950), and the v.29 death-formula matches the Genesis 5 genealogy (""So was al die dae van X … jaar; en hy het gesterf"")."
John,1,,,translator,,"**Textual base.** I worked primarily from the Nestle-Aland 28 / UBS5 critical text. Where significant variants exist against the Textus Receptus (which underlies AFR53), I flag them below. **You need a policy on this for a full Bible** — pick one textual tradition and stay with it, or document every variant."
John,1,1,,translator,,"**Verse 1 — *Logos*.** ""Woord"" — universal Afrikaans convention. No controversy."
John,1,1,,translator,,"**Verse 1c — *theos en ho logos*.** ""Die Woord was God."" Anarthrous *theos* with definite *ho logos*. The Jehovah's Witness ""a god"" rendering is grammatically defensible but theologically minority; I followed the majority view. Worth knowing this exists."
John,1,5,,reader,a,"""oorweldig"" (*katelaben*) kan ook ""begryp/aangryp"" beteken; die Grieks is dubbelsinnig."
John,1,5,,translator,,"**Verse 5 — *katelaben*.** Can mean ""overcome/master"" or ""grasp/comprehend."" I went with ""oorweldig"" (overcome). AFR53 has ""aangegryp."" Both are defensible; the Greek is genuinely ambiguous and John may have intended both."
John,1,9,,translator,,"**Verse 9 — participle attachment.** *Erchomenon eis ton kosmon* (""coming into the world"") could modify either ""the light"" or ""every person."" I attached it to the Light (modern consensus). AFR53 attaches it to ""every person"" (""elke mens wat in die wêreld kom""). **This is a real choice you need to commit to.**"
John,1,14,,reader,a,"""Enigste"" vertaal *monogenēs* (uniek, een-van-'n-soort); tradisioneel ""eniggebore""."
John,1,14,,translator,,"**Verse 14 — *eskēnōsen*.** Literally ""pitched a tent / tabernacled."" I rendered ""kom woon"" which loses the Tabernacle/Exodus allusion. ""Tent opgeslaan"" would preserve it but reads strangely. AFR53 has ""het onder ons gewoon."""
John,1,14,,translator,,"**Verse 14, 18 — *monogenēs*.** Traditionally ""eniggebore"" (only-begotten); modern scholarship prefers ""enigste"" / ""uniek"" (unique/one-of-a-kind). I went with ""Enigste."" This is a real translation/theological choice with downstream implications."
John,1,18,,reader,a,"Teksvariant: die kritiese teks lees ""die Enigste — self God""; die Textus Receptus lees ""die eniggebore Seun""."
John,1,18,,translator,,"**Verse 14, 18 — *monogenēs*.** Traditionally ""eniggebore"" (only-begotten); modern scholarship prefers ""enigste"" / ""uniek"" (unique/one-of-a-kind). I went with ""Enigste."" This is a real translation/theological choice with downstream implications."
John,1,18,,translator,,"**Verse 18 — major textual variant.** NA28 reads *monogenēs theos* (""the only-begotten God / unique one, himself God""). TR reads *monogenēs huios* (""only-begotten Son""). AFR53 follows TR: ""die eniggebore Seun."" **I followed NA28 here**, which is why my rendering differs notably from what you'd expect. If you want to match AFR53/TR tradition, change to ""die enigste Seun"" or ""die eniggebore Seun."""
John,1,27,,translator,,"**Verse 27 — ""I am not worthy.""** I dropped the explicit ""Ek"" for natural Afrikaans flow. AFR53 keeps it."
John,1,34,,translator,,"**Verse 34 — textual variant.** NA28 has both *ho eklektos* (""the Chosen One"") and *ho huios* (""the Son"") well attested; modern translations split. AFR53/TR has ""Seun."" I went with ""Seun"" here to match likely reader expectation, but flagged it because **the same translator should not silently switch textual base between v.18 and v.34** — that's the kind of inconsistency that would embarrass you in production."
John,1,41,,translator,,"**Verse 41 — *prōton*.** Some manuscripts read *prōi* (early) instead of *prōton* (first). I took ""first."" Minor."
John,1,51,,translator,,"**Verse 51 — *amēn amēn*.** ""Voorwaar, voorwaar"" — AFR53 convention. Modern: ""Ek verseker julle."" I kept the traditional rendering."
John,2,,,translator,,"**Textual base.** StatResGNT (critical text), now the committed NT base (`TRANSLATION_POLICY.md` § 2). John 2 has **no significant text-critical variants** affecting the translation, and none of the open glossary terms (*monogenēs*, *amēn amēn*) occur in this chapter, so it is a clean first chapter on the new committed base. Editorial markers in the source (`¶` paragraph marks, `˚` nomina-sacra marks before sacred names) were stripped before translating."
John,2,1,,translator,,"**Verse 1 — ""op die derde dag"".** *tē hēmera tē tritē* — literal ""on the third day"", counting from the events of 1:43ff. Kept literal; the resonance with the resurrection ""third day"" (cf. v.19) is the author's, not to be flattened."
John,2,2,,translator,,"**Verse 2 — *mathētai*.** ""dissipels"" (committed). Consistent throughout (vv.2, 11, 12, 17, 22)."
John,2,4,,reader,a,"""Vrou"" (*gunai*) is 'n beleefde Griekse aanspreekvorm, al klink dit vreemd vir 'n seun teenoor sy moeder."
John,2,4,,translator,,"**Verse 4 — *gunai*.** ""Vrou"" — vocative *gunai* is courteous in Greek (not harsh), but a son addressing his mother as ""Vrou"" is striking in both Greek and Afrikaans, and the strangeness is deliberate in John. Retained literally rather than softened to ""Moeder""; worth a footnote."
John,2,4,,translator,,"**Verse 4 — *ti emoi kai soi*.** Literally ""what to Me and to you?"" — a Semitic idiom marking distance/disengagement. Rendered ""wat het Ek met u te doen?"" (the standard Afrikaans idiomatic equivalent). Note the polite **""u""** for Jesus→Mary throughout, fitting the register."
John,2,4,,translator,,"**Verse 4 — *hē hōra mou*.** ""My uur"" — a loaded Johannine term (the hour of glorification/cross). Kept as the bare ""uur""; the theological weight is carried by the term itself across the Gospel."
John,2,6,,reader,a,'n Metrete is ongeveer 39 liter; twee of drie elk ≈ 75–115 liter per kruik.
John,2,6,,translator,,"**Verse 6 — *metrētēs*.** Per the measurements policy (preserve source units + footnote), rendered ""metrete"" rather than converted to litres (committed at review). **Footnote for print:** a *metrētēs* ≈ 39 litres, so two-or-three each ≈ 75–115 litres per jar (~450–680 litres total)."
John,2,8,,translator,,"**Verse 8 — *architriklinos*.** ""seremoniemeester"" (committed at review) — the master of the feast / head steward who ran the banquet, chosen over ""tafelmeester""/""hoofkelner"". Rendered consistently at vv.8, 9."
John,2,10,,translator,,"**Verse 10 — *methysthōsin*.** ""dronk geword het"" (committed at review). The verb's primary sense is ""have become drunk""; the blunter rendering was chosen over the softer ""volop gedrink het"" to stay faithful to the proverb's literal force. The speaker is describing ordinary banquet practice, not passing moral judgement."
John,2,11,,translator,,"**Verses 11, 23 — *sēmeion*.** ""teken"" (sign), not ""wonder/mirakel"". This preserves John's characteristic theology of *signs* (events that signify who Jesus is). v.11 *archēn tōn sēmeiōn* → ""eerste van die tekens"". Proposed as committed glossary term below. *doxa* → ""heerlikheid"" (committed)."
John,2,13,,translator,,"**Verse 13 — *Pascha*.** ""Pasga"" (the Jewish Passover), deliberately **not** ""Paasfees"", which in Afrikaans usage collides with Easter. Consistent at vv.13, 23. Committed at review as a Gospel-wide convention."
John,2,14,16,translator,,"**Verses 14–16 vs 19–21 — *hieron* / *naos*.** John uses **two** temple words and the distinction matters here. *hieron* (the whole temple precincts, where trade happened) at vv.14, 15 and *naos* (the sanctuary proper) at vv.19, 20, 21 are **both** rendered ""tempel"" per the current glossary, because Afrikaans has no natural lexical pair. The wordplay — Jesus speaks of the *naos* as His body — is therefore **flagged for a footnote**. This is exactly the *hieron* 🟡 item in `GLOSSARY.md`; recommend keeping a single ""tempel"" rendering + footnote rather than forcing a distinction like ""tempelgebou/heiligdom""."
John,2,17,,reader,a,Die aanhaling is Psalm 69:9; voorlopig uit die Grieks vertaal totdat ons eie Psalm 69 beskikbaar is.
John,2,17,,translator,,"**Verse 17 — OT quotation (Ps 69:9).** ""Die ywer vir u huis sal My verteer."" **Committed policy** (`TRANSLATION_POLICY.md` § 2 #8 + § 2a): NT quotations of the OT are rendered **to match our own OT translation**. Psalm 69 is not yet translated, so this is rendered **provisionally from the Greek** and entered on the back-harmonisation list in `REVIEW_LOG.md` — to be conformed to our Afrikaans Ps 69:9 once the Psalms are done. Note for that pass: John follows the LXX of Ps 69:9 (future ""sal verteer / *kataphagetai*"") against the MT's ""has consumed""; preserve our OT wording in the body and footnote the divergence if the difference is material."
John,2,19,21,reader,a,"""tempel"": hier *naos* (die heiligdom self), teenoor *hieron* (die hele tempelterrein) in vers 14 — Jesus bedoel sy liggaam."
John,2,22,,translator,,"**Verse 22 — *graphē* / *logos*.** ""Skrif"" and ""woord"". Here *logos* is the ordinary ""statement Jesus made"", **not** the Christological *Logos* of John 1:1 — so lowercase ""woord"", deliberately distinct from the capital-W ""Woord"" reserved for Christ. Noted to prevent false consistency."
John,2,23,,translator,,"**Verses 11, 23 — *sēmeion*.** ""teken"" (sign), not ""wonder/mirakel"". This preserves John's characteristic theology of *signs* (events that signify who Jesus is). v.11 *archēn tōn sēmeiōn* → ""eerste van die tekens"". Proposed as committed glossary term below. *doxa* → ""heerlikheid"" (committed)."
John,2,23,24,translator,,"**Verses 23–24 — *episteusan* / *episteuen* wordplay.** John puns: many ""believed/trusted"" (*episteusan*, v.23) in Him, but Jesus did not ""entrust"" (*episteuen*, v.24) Himself to them — the same verb *pisteuō*. Rendered ""geglo"" (v.23) / ""toevertrou"" (v.24); the pun is partly lost in Afrikaans. Noted; a footnote could flag it."
